{"eat chips on the sofa": {"PSR": 0.5, "SR": 0, "Precision": 0.9904761904761905, "Exec": 0.4666666666666667}, "overall": {"PSR": 0.5, "SR": 0.0, "Precision": 0.9904761904761905, "Exec": 0.4666666666666667}}