{"watch tv": {"PSR": 0.8333333333333334, "SR": 0, "Precision": 1.0, "Exec": 1.0}, "overall": {"PSR": 0.8333333333333334, "SR": 0.0, "Precision": 1.0, "Exec": 1.0}}