{"bring coffeepot and cupcake to the coffee table": {"PSR": 0.0, "SR": 0, "Precision": 0.9833333333333333, "Exec": 0.8125}, "overall": {"PSR": 0.0, "SR": 0.0, "Precision": 0.9833333333333333, "Exec": 0.8125}}