{"eat chips on the sofa": {"PSR": 0.16666666666666663, "SR": 0, "Precision": 1.0, "Exec": 0.8}, "put salmon in the fridge": {"PSR": 0.0, "SR": 0, "Precision": 0.9975845410628019, "Exec": 0.8}, "wash the plate": {"PSR": 0.0, "SR": 0, "Precision": 0.9951456310679612, "Exec": 0.8}, "bring coffeepot and cupcake to the coffee table": {"PSR": 0.0, "SR": 0, "Precision": 0.9904076738609112, "Exec": 0.8}, "microwave salmon": {"PSR": 0.0, "SR": 0, "Precision": 0.9881235154394299, "Exec": 0.8}, "watch tv": {"PSR": 0.6666666666666667, "SR": 0, "Precision": 0.995249406175772, "Exec": 0.8}, "turn off light": {"PSR": 0.0, "SR": 0, "Precision": 0.9975669099756691, "Exec": 0.8}, "brush teeth": {"PSR": 0.2727272727272727, "SR": 0, "Precision": 0.9951690821256038, "Exec": 0.8}, "throw away apple": {"PSR": 0.0, "SR": 0, "Precision": 1.0, "Exec": 0.8}, "make toast": {"PSR": 0.16000000000000003, "SR": 0, "Precision": 0.9346846846846847, "Exec": 0.8}, "overall": {"PSR": 0.1266060606060606, "SR": 0.0, "Precision": 0.989003107817356, "Exec": 0.8849062049062051}}