{"eat chips on the sofa": {"PSR": 0.16666666666666663, "SR": 0, "Precision": 1.0, "Exec": 0.75}, "put salmon in the fridge": {"PSR": 0.0, "SR": 0, "Precision": 0.9903614457831326, "Exec": 0.75}, "wash the plate": {"PSR": 0.0, "SR": 0, "Precision": 1.0, "Exec": 0.75}, "bring coffeepot and cupcake to the coffee table": {"PSR": 0.0, "SR": 0, "Precision": 0.9856801909307876, "Exec": 0.75}, "microwave salmon": {"PSR": 0.0, "SR": 0, "Precision": 0.9857482185273159, "Exec": 0.75}, "watch tv": {"PSR": 0.5, "SR": 0, "Precision": 1.0, "Exec": 0.75}, "turn off light": {"PSR": 0.0, "SR": 0, "Precision": 0.9975903614457832, "Exec": 0.75}, "brush teeth": {"PSR": 0.19999999999999996, "SR": 0, "Precision": 0.9951219512195122, "Exec": 0.75}, "throw away apple": {"PSR": 0.0, "SR": 0, "Precision": 0.9975786924939467, "Exec": 0.75}, "make toast": {"PSR": 0.14814814814814814, "SR": 0, "Precision": 0.9411764705882353, "Exec": 0.75}, "overall": {"PSR": 0.10148148148148146, "SR": 0.0, "Precision": 0.9890004782400765, "Exec": 0.8791233766233766}}