{"eat chips on the sofa": {"PSR": 0.16666666666666663, "SR": 0, "Precision": 1.0, "Exec": 0.36538461538461536}, "put salmon in the fridge": {"PSR": 0.0, "SR": 0, "Precision": 0.9975845410628019, "Exec": 0.36538461538461536}, "wash the plate": {"PSR": 0.0, "SR": 0, "Precision": 0.9950372208436724, "Exec": 0.36538461538461536}, "bring coffeepot and cupcake to the coffee table": {"PSR": 0.0, "SR": 0, "Precision": 0.9904076738609112, "Exec": 0.36538461538461536}, "microwave salmon": {"PSR": 0.0, "SR": 0, "Precision": 0.9951923076923077, "Exec": 0.36538461538461536}, "watch tv": {"PSR": 0.0625, "SR": 0, "Precision": 0.9927007299270073, "Exec": 0.36538461538461536}, "turn off light": {"PSR": 0.0, "SR": 0, "Precision": 0.9975903614457832, "Exec": 0.36538461538461536}, "brush teeth": {"PSR": 0.2727272727272727, "SR": 0, "Precision": 0.9951690821256038, "Exec": 0.36538461538461536}, "throw away apple": {"PSR": 0.0, "SR": 0, "Precision": 1.0, "Exec": 0.36538461538461536}, "make toast": {"PSR": 0.07407407407407407, "SR": 0, "Precision": 0.9298642533936652, "Exec": 0.36538461538461536}, "overall": {"PSR": 0.05759680134680134, "SR": 0.0, "Precision": 0.9889449651526075, "Exec": 0.7010053998289291}}