{"eat chips on the sofa": {"PSR": 0.16666666666666663, "SR": 0, "Precision": 1.0, "Exec": 0.8333333333333334}, "put salmon in the fridge": {"PSR": 0.0, "SR": 0, "Precision": 0.9975845410628019, "Exec": 0.8333333333333334}, "wash the plate": {"PSR": 0.0, "SR": 0, "Precision": 0.9951338199513382, "Exec": 0.8333333333333334}, "bring coffeepot and cupcake to the coffee table": {"PSR": 0.0, "SR": 0, "Precision": 0.9904076738609112, "Exec": 0.8333333333333334}, "microwave salmon": {"PSR": 0.0, "SR": 0, "Precision": 0.9881235154394299, "Exec": 0.8333333333333334}, "watch tv": {"PSR": 0.125, "SR": 0, "Precision": 0.9928400954653938, "Exec": 0.8333333333333334}, "turn off light": {"PSR": 0.0, "SR": 0, "Precision": 0.9880668257756563, "Exec": 0.8333333333333334}, "brush teeth": {"PSR": 0.0, "SR": 0, "Precision": 0.9951690821256038, "Exec": 0.8333333333333334}, "throw away apple": {"PSR": 0.0, "SR": 0, "Precision": 0.9927360774818402, "Exec": 0.8333333333333334}, "make toast": {"PSR": 0.12121212121212122, "SR": 0, "Precision": 0.9518348623853211, "Exec": 0.8333333333333334}, "overall": {"PSR": 0.04128787878787878, "SR": 0.0, "Precision": 0.9889952153110048, "Exec": 0.712645354329415}}