{"eat chips on the sofa": {"PSR": 0.16666666666666663, "SR": 0, "Precision": 1.0, "Exec": 0.625}, "overall": {"PSR": 0.16666666666666663, "SR": 0.0, "Precision": 1.0, "Exec": 0.625}}