{"eat chips on the sofa": {"PSR": 0.25, "SR": 0, "Precision": 0.9952153110047847, "Exec": 0.7}, "put salmon in the fridge": {"PSR": 0.0, "SR": 0, "Precision": 0.9927360774818402, "Exec": 0.7}, "wash the plate": {"PSR": 0.2727272727272727, "SR": 0, "Precision": 0.9927184466019418, "Exec": 0.7}, "bring coffeepot and cupcake to the coffee table": {"PSR": 0.0, "SR": 0, "Precision": 0.9904076738609112, "Exec": 0.7}, "microwave salmon": {"PSR": 0.0, "SR": 0, "Precision": 0.9928400954653938, "Exec": 0.7}, "watch tv": {"PSR": 0.625, "SR": 0, "Precision": 1.0, "Exec": 0.7}, "turn off light": {"PSR": 0.0, "SR": 0, "Precision": 0.9975903614457832, "Exec": 0.7}, "brush teeth": {"PSR": 0.18181818181818177, "SR": 0, "Precision": 0.9951690821256038, "Exec": 0.7}, "throw away apple": {"PSR": 0.0, "SR": 0, "Precision": 0.9951807228915662, "Exec": 0.7}, "make toast": {"PSR": 0.0, "SR": 0, "Precision": 0.9394618834080718, "Exec": 0.7}, "overall": {"PSR": 0.13295454545454546, "SR": 0.0, "Precision": 0.9887774594078319, "Exec": 0.8295265151515151}}