{"eat chips on the sofa": {"PSR": 0.08333333333333337, "SR": 0, "Precision": 1.0, "Exec": 1.0}, "put salmon in the fridge": {"PSR": 0.0, "SR": 0, "Precision": 0.9975845410628019, "Exec": 1.0}, "wash the plate": {"PSR": 0.0, "SR": 0, "Precision": 0.9927184466019418, "Exec": 1.0}, "bring coffeepot and cupcake to the coffee table": {"PSR": 0.0, "SR": 0, "Precision": 0.9904076738609112, "Exec": 1.0}, "microwave salmon": {"PSR": 0.0, "SR": 0, "Precision": 0.9976019184652278, "Exec": 1.0}, "watch tv": {"PSR": 0.5, "SR": 0, "Precision": 1.0, "Exec": 1.0}, "turn off light": {"PSR": 0.0, "SR": 0, "Precision": 0.9975903614457832, "Exec": 1.0}, "brush teeth": {"PSR": 0.0, "SR": 0, "Precision": 0.9951690821256038, "Exec": 1.0}, "throw away apple": {"PSR": 0.0, "SR": 0, "Precision": 1.0, "Exec": 1.0}, "make toast": {"PSR": 0.0, "SR": 0, "Precision": 0.9148471615720524, "Exec": 1.0}, "overall": {"PSR": 0.058333333333333334, "SR": 0.0, "Precision": 0.9878223495702005, "Exec": 0.8792207792207793}}