{"eat chips on the sofa": {"PSR": 0.5, "SR": 0, "Precision": 0.9904761904761905, "Exec": 0.7142857142857143}, "put salmon in the fridge": {"PSR": 0.0, "SR": 0, "Precision": 0.9927884615384616, "Exec": 0.7142857142857143}, "wash the plate": {"PSR": 0.0, "SR": 0, "Precision": 0.9951456310679612, "Exec": 0.7142857142857143}, "bring coffeepot and cupcake to the coffee table": {"PSR": 0.0, "SR": 0, "Precision": 0.9904076738609112, "Exec": 0.7142857142857143}, "microwave salmon": {"PSR": 0.0, "SR": 0, "Precision": 0.9952038369304557, "Exec": 0.7142857142857143}, "watch tv": {"PSR": 0.5, "SR": 0, "Precision": 1.0, "Exec": 0.7142857142857143}, "turn off light": {"PSR": 0.0, "SR": 0, "Precision": 0.9880668257756563, "Exec": 0.7142857142857143}, "brush teeth": {"PSR": 0.0, "SR": 0, "Precision": 0.9951690821256038, "Exec": 0.7142857142857143}, "throw away apple": {"PSR": 0.0, "SR": 0, "Precision": 0.9951807228915662, "Exec": 0.7142857142857143}, "make toast": {"PSR": 0.19047619047619047, "SR": 0, "Precision": 0.9263392857142857, "Exec": 0.7142857142857143}, "overall": {"PSR": 0.11904761904761904, "SR": 0.0, "Precision": 0.9864188706218727, "Exec": 0.7283523339405693}}