{"brush teeth": {"PSR": 0.0, "SR": 0, "Precision": 0.9857142857142858, "Exec": 1.0}, "overall": {"PSR": 0.0, "SR": 0.0, "Precision": 0.9857142857142858, "Exec": 1.0}}