{"wash the plate": {"PSR": 0.0, "SR": 0, "Precision": 0.9951923076923077, "Exec": 0.6774193548387096}, "overall": {"PSR": 0.0, "SR": 0.0, "Precision": 0.9951923076923077, "Exec": 0.6774193548387096}}