{"watch_tv": {"PSR": 0.0, "SR": 0, "Precision": 0.9951923076923077, "Exec": 0.5}, "overall": {"PSR": 0.0, "SR": 0.0, "Precision": 0.9951923076923077, "Exec": 0.5}}